{
    "existing": {
        "HaberBosch": 1248.0,
        "ASU": 0.18242626012676583,
        "Boiler_Industrial_NG": 322.7077243243211,
        "Boiler_El": 299.8900064428064,
        "MTO": 125.80219574772903,
        "EDH": 331.0810958779339,
        "Biomass2methanol": 390.69004890583693,
        "CO2electrolysis": 276.2987658131826,
        "Storage_CO2": 57.69384684115937,
        "Storage_Ethylene": 17952.995898758723,
        "Storage_Propylene": 500.0,
        "Storage_Ammonia": 16.95830399570935,
        "feedgas_mixer": 1390.7077243243211,
        "CO2_mixer": 101.45638391878664,
        "HBfeed_mixer": 5.249676550576623,
        "PE_mixer": 196.0,
        "SteamReformer": 1068.0
    },
    "new": [
        "ElectricSMR_m",
        "WGS_m",
        "AEC",
        "HaberBosch",
        "CrackerFurnace_Electric",
        "ASU",
        "Boiler_Industrial_NG",
        "Boiler_El",
        "RWGS",
        "MeOHsynthesis",
        "MTO",
        "EDH",
        "PDH",
        "MPW2methanol",
        "Biomass2methanol",
        "DirectMeOHsynthesis",
        "CO2electrolysis",
        "Storage_CO2",
        "Storage_H2",
        "Storage_Battery",
        "Storage_Ethylene",
        "Storage_Propylene",
        "Storage_Ammonia",
        "CO2toEmission",
        "feedgas_mixer",
        "naphtha_mixer",
        "CO2_mixer",
        "HBfeed_mixer",
        "syngas_mixer",
        "PE_mixer"
    ]
}