{
    "existing": {
        "ElectricSMR_m": 4012.3206292687887,
        "WGS_m": 182.66184283646177,
        "HaberBosch": 1248.0,
        "ASU": 31.521680225469957,
        "Boiler_Industrial_NG": 653.930847227766,
        "Boiler_El": 628.7238300900339,
        "MeOHsynthesis": 750.3039576732484,
        "MTO": 617.5001571651344,
        "CO2electrolysis": 105.56819322314054,
        "Storage_CO2": 2717.589980750605,
        "feedgas_mixer": 5734.2514764968055,
        "HBfeed_mixer": 907.0987115243153,
        "syngas_mixer": 750.3039576732484,
        "PE_mixer": 127.85591520877038
    },
    "new": [
        "ElectricSMR_m",
        "WGS_m",
        "AEC",
        "HaberBosch",
        "CrackerFurnace_Electric",
        "ASU",
        "Boiler_Industrial_NG",
        "Boiler_El",
        "RWGS",
        "MeOHsynthesis",
        "MTO",
        "EDH",
        "PDH",
        "MPW2methanol",
        "Biomass2methanol",
        "DirectMeOHsynthesis",
        "CO2electrolysis",
        "Storage_CO2",
        "Storage_H2",
        "Storage_Battery",
        "CO2toEmission",
        "feedgas_mixer",
        "naphtha_mixer",
        "CO2_mixer",
        "HBfeed_mixer",
        "syngas_mixer",
        "PE_mixer"
    ]
}